Package, Version, License(s)
acpi, 1.7-1.1, GPL
acpi-support-base, 0.142-8, GPL;GPL-2
acpid, 1:2.0.31-1, GPL;GPL-2
adduser, 3.118, GPL;GPL-2
apt, 1.8.2, GPL;GPL-2;GPLv2+
arping, 2.19-6, GPL;GPL-2;GPL-2+
arptables, 0.0.4+snapshot20181021-4, GPL;GPL-2
atftp, 0.7.git20120829-3.1, GPL
atftpd, 0.7.git20120829-3.1, GPL
auditd, 1:2.8.4-3, GPL;GPL-1;GPL-2;LGPL-2;LGPL-2.1
base-files, 10.3+deb10u3, GPL
base-passwd, 3.5.46, GPL;GPL-2;PD
bash, 5.0-4, GPL;GPL-3
bash-completion, 1:2.8-6, GPL;GPL-2;GPL-2+
bcm-sdk, 6.5.14-cl4u3, Cumulus Proprietary;GPL;GPL-2
bind9-host, 1:9.11.5.P4+dfsg-5.1, BSD;BSD-2-clause;BSD-3-clause;BSD-4-clause;ISC;MPL-2;MPL-2.0
binutils, 2.31.1-16, GFDL;GPL;LGPL
binutils-common, 2.31.1-16, GFDL;GPL;LGPL
binutils-x86-64-linux-gnu, 2.31.1-16, GFDL;GPL;LGPL
bridge-utils, 1.5-9-cl4u1, GPL;GPL-2
bsdmainutils, 11.1.2+b1, BSD
bsdutils, 1:2.33.1-0.1, BSD;BSD-2-clause;BSD-3-clause;BSD-4-clause;GPL;GPL-2;GPL-2+;GPL-3;GPL-3+;LGPL;LGPL-2;LGPL-2+;LGPL-2.1+;LGPL-3;LGPL-3+;MIT;public domain;public-domain
busybox, 1:1.30.1-4, GPL;GPL-2
bwm-ng, 0.6.1-6, GPL;GPL-2;GPL-2+
bzip2, 1.0.6-9.2~deb10u1, BSD;BSD-variant;GPL;GPL-2
ca-certificates, 20190110, GPL;GPL-2;GPL-2+;MPL-2.0
cgroup-bin, 0.41-8.1, BSD;BSD-3-clause;GPL;GPL-2;GPL-3;LGPL-2;LGPL-2.1
cgroup-tools, 0.41-8.1, BSD;BSD-3-clause;GPL;GPL-2;GPL-3;LGPL-2;LGPL-2.1
cl-parsers, 4.0-cl4u2, Cumulus Networks Proprietary
clag, 1.3.0-cl4u3, Cumulus Networks Proprietary;GPL;GPL-2
console-setup-linux, 1.193~deb10u1, GPL;GPL-2;public domain
coreutils, 8.30-3, GPL;GPL-3
cpio, 2.12+dfsg-9, GPL;GPL-3
cron, 3.0pl1-133-cl4u1, Artistic;GPL;GPL-2;GPL-2+;ISC;Paul-Vixie's-license
cumulus-archive-keyring, 4-cl4u2, Cumulus Networks Proprietary
cumulus-basefiles, 4.1.0a, GPL;GPL-2
cumulus-hyperconverged, 0.1-cl4u2, Cumulus Networks Proprietary;GPL;GPL-2
cumulus-image, 4.0-cl4u1, GPL;GPL-2
cumulus-initramfs, 4.0-cl4u2, GPL;GPL-2
cumulus-local-apt-archive, 1.0.0-cl4u2, Cumulus Proprietary;GPL;GPL-2
cumulus-net-snmp-addons, 1-cl4u4, GPL;GPL-2
cumulus-newpackages-bcm, 1.0.0-cl4u1, GPL;GPL-3;GPL-3.0+
cumulus-overrides, 4.0-cl4u3, Cumulus Networks Proprietary;GPL;GPL-2
cumulus-platform, 4.0-cl4u2, Cumulus Networks Proprietary;Elagin;GPL;GPL-2;MIT
cumulus-poe, 4.0-cl4u3, Cumulus Proprietary ;GPL;GPL-2
cumulus-tools, 4.0-cl4u3, Cumulus Networks Proprietary;Elagin;GPL;GPL-2;MIT
curl, 7.64.0-4+deb10u1, BSD;BSD-3-Clause;BSD-4-Clause;curl;ISC;other;public-domain
dash, 0.5.10.2-5, GPL
dbus, 1.12.16-1, AFL-2.1;BSD;BSD-3-clause;BSD-3-clause-generic;Expat;g10-permissive;GPL;GPL-2;GPL-2+;Tcl-BSDish
debconf, 1.5.71, BSD;BSD-2-clause
debconf-i18n, 1.5.71, BSD;BSD-2-clause
debian-archive-keyring, 2019.1, GPL
debianutils, 4.8.6.1, GPL;public domain
debsums, 2.2.3, GPL;GPL-2;GPL-2+
dialog, 1.3-20190211-1, LGPL-2
diffutils, 1:3.7-3, GFDL;GPL
dirmngr, 2.2.12-1+deb10u1, BSD;BSD-3-clause;CC0-1;CC0-1.0;Expat;GPL;GPL-3;GPL-3+;LGPL-2;LGPL-2.1+;LGPL-3;LGPL-3+;permissive;RFC-Reference;TinySCHEME
discover, 2.1.2-8, GPL
discover-data, 2.2013.01.11, public domain
distro-info-data, 0.41+deb10u1, ISC
dmeventd, 2:1.02.155-3, BSD;BSD-2-Clause;GPL;GPL-2;GPL-2.0;GPL-2.0+;LGPL-2;LGPL-2.1;MIT
dmidecode, 3.2-1, GPL;GPL-2;GPL-2+
dmsetup, 2:1.02.155-3, BSD;BSD-2-Clause;GPL;GPL-2;GPL-2.0;GPL-2.0+;LGPL-2;LGPL-2.1;MIT
dnsmasq, 2.80-1, GPL;GPL-2;GPL-3
dnsmasq-base, 2.80-1, GPL;GPL-2;GPL-3
dnsutils, 1:9.11.5.P4+dfsg-5.1, BSD;BSD-2-clause;BSD-3-clause;BSD-4-clause;ISC;MPL-2;MPL-2.0
docutils-common, 0.14+dfsg-4, BEOPEN;BSD;BSD-2-clause;BSD-3-clause;CNRI;GPL;GPL-3;GPL-3+;LGPL-2;LGPL-2.1+;public domain;public-domain;Python-2.1.1
dos2unix, 7.4.0-1, BSD;BSD-2-clause;GPL;GPL-2;GPL-2+;Public-Domain
dpkg, 1.19.7, BSD;BSD-2-clause;GPL;GPL-2;GPL-2+;public domain;public-domain-md5;public-domain-s-s-d
dtach, 0.9-4, GPL;GPL-2;GPL-2+
e2fslibs, 1.44.5-1+deb10u3, BSD;GPL;GPL-2;LGPL-2;MIT
e2fsprogs, 1.44.5-1+deb10u3, BSD;GPL;GPL-2;LGPL-2;MIT
ebtables, 2.0.10.4-3-cl4u1, GPL;GPL-2
efibootmgr, 15-1, GPL;GPL-2;GPL-2.0+
eject, 2.1.5+deb1+cvs20081104-13.2, GPL;GPL-2
etckeeper, 1.18.10-1, BSD;BSD-2-clause;GPL;GPL-2;GPL-2+
ethtool, 4.19.0-cl4u1, GPL;GPL-2
fdisk, 2.33.1-0.1, BSD;BSD-2-clause;BSD-3-clause;BSD-4-clause;GPL;GPL-2;GPL-2+;GPL-3;GPL-3+;LGPL;LGPL-2;LGPL-2+;LGPL-2.1+;LGPL-3;LGPL-3+;MIT;public domain;public-domain
file, 1:5.35-4+deb10u1, BSD;BSD-2-Clause-alike;BSD-2-Clause-netbsd;BSD-2-Clause-regents;MIT;MIT-Old-Style-with-legal-disclaimer-2;public domain;public-domain
findutils, 4.6.0+git+20190209-2, GFDL-1;GPL;GPL-3
firmware-linux-free, 3.4, BSD;GPL;GPL-2;GPL-3
fontconfig-config, 2.13.1-2, BSD-like
fonts-dejavu-core, 2.37-1, bitstream-vera;GPL;GPL-2;GPL-2+;public domain
freeipmi-common, 1.6.3-1.1, GPL;GPL-3;GPL-3+;LGPL-3;LGPL-3+
frr, 7.0+cl4u2, BSD;BSD-0-clause;BSD-2-clause;BSD-3-clause;custom-BSD-like;FRR-docs;GPL;GPL-2;GPL-2+;ISC;LGPL-2;LGPL-2.1+;MIT
frr-doc, 7.0+cl4u2, BSD;BSD-0-clause;BSD-2-clause;BSD-3-clause;custom-BSD-like;FRR-docs;GPL;GPL-2;GPL-2+;ISC;LGPL-2;LGPL-2.1+;MIT
frr-pythontools, 7.0+cl4u2, BSD;BSD-0-clause;BSD-2-clause;BSD-3-clause;custom-BSD-like;FRR-docs;GPL;GPL-2;GPL-2+;ISC;LGPL-2;LGPL-2.1+;MIT
frr-snmp, 7.0+cl4u2, BSD;BSD-0-clause;BSD-2-clause;BSD-3-clause;custom-BSD-like;FRR-docs;GPL;GPL-2;GPL-2+;ISC;LGPL-2;LGPL-2.1+;MIT
gcc-8-base, 8.3.0-6, Artistic;BSD;GFDL-1;GPL;GPL-2;GPL-3;LGPL;zlib
gdisk, 1.0.3-1.1, LGPL-2;LGPL-2.0+
gettext-base, 0.19.8.1-9, GFDL;GPL;LGPL
git, 1:2.20.1-2+deb10u1, Apache-2;Apache-2.0;Artistic;Artistic-1;Boost;BSD;BSD-2-clause;dlmalloc;EDL-1.0;Expat;GPL;GPL-1+;GPL-2;GPL-2+;ISC;LGPL-2;LGPL-2+;LGPL-2.1+;mingw-runtime;public domain
git-man, 1:2.20.1-2+deb10u1, Apache-2;Apache-2.0;Artistic;Artistic-1;Boost;BSD;BSD-2-clause;dlmalloc;EDL-1.0;Expat;GPL;GPL-1+;GPL-2;GPL-2+;ISC;LGPL-2;LGPL-2+;LGPL-2.1+;mingw-runtime;public domain
gnupg, 2.2.12-1+deb10u1, BSD;BSD-3-clause;CC0-1;CC0-1.0;Expat;GPL;GPL-3;GPL-3+;LGPL-2;LGPL-2.1+;LGPL-3;LGPL-3+;permissive;RFC-Reference;TinySCHEME
gnupg-l10n, 2.2.12-1+deb10u1, BSD;BSD-3-clause;CC0-1;CC0-1.0;Expat;GPL;GPL-3;GPL-3+;LGPL-2;LGPL-2.1+;LGPL-3;LGPL-3+;permissive;RFC-Reference;TinySCHEME
gnupg-utils, 2.2.12-1+deb10u1, BSD;BSD-3-clause;CC0-1;CC0-1.0;Expat;GPL;GPL-3;GPL-3+;LGPL-2;LGPL-2.1+;LGPL-3;LGPL-3+;permissive;RFC-Reference;TinySCHEME
gpg, 2.2.12-1+deb10u1, BSD;BSD-3-clause;CC0-1;CC0-1.0;Expat;GPL;GPL-3;GPL-3+;LGPL-2;LGPL-2.1+;LGPL-3;LGPL-3+;permissive;RFC-Reference;TinySCHEME
gpg-agent, 2.2.12-1+deb10u1, BSD;BSD-3-clause;CC0-1;CC0-1.0;Expat;GPL;GPL-3;GPL-3+;LGPL-2;LGPL-2.1+;LGPL-3;LGPL-3+;permissive;RFC-Reference;TinySCHEME
gpg-wks-client, 2.2.12-1+deb10u1, BSD;BSD-3-clause;CC0-1;CC0-1.0;Expat;GPL;GPL-3;GPL-3+;LGPL-2;LGPL-2.1+;LGPL-3;LGPL-3+;permissive;RFC-Reference;TinySCHEME
gpg-wks-server, 2.2.12-1+deb10u1, BSD;BSD-3-clause;CC0-1;CC0-1.0;Expat;GPL;GPL-3;GPL-3+;LGPL-2;LGPL-2.1+;LGPL-3;LGPL-3+;permissive;RFC-Reference;TinySCHEME
gpgconf, 2.2.12-1+deb10u1, BSD;BSD-3-clause;CC0-1;CC0-1.0;Expat;GPL;GPL-3;GPL-3+;LGPL-2;LGPL-2.1+;LGPL-3;LGPL-3+;permissive;RFC-Reference;TinySCHEME
gpgsm, 2.2.12-1+deb10u1, BSD;BSD-3-clause;CC0-1;CC0-1.0;Expat;GPL;GPL-3;GPL-3+;LGPL-2;LGPL-2.1+;LGPL-3;LGPL-3+;permissive;RFC-Reference;TinySCHEME
gpgv, 2.2.12-1+deb10u1, BSD;BSD-3-clause;CC0-1;CC0-1.0;Expat;GPL;GPL-3;GPL-3+;LGPL-2;LGPL-2.1+;LGPL-3;LGPL-3+;permissive;RFC-Reference;TinySCHEME
grep, 3.3-1, GPL;GPL-3;GPL-3+
groff-base, 1.22.4-3, BSD;GFDL-1;GPL;GPL-3;MIT;public domain
grub-common, 2.02+dfsg1-20, CC-BY-SA-3.0;Expat;GPL;GPL-3;GPL-3+
grub-pc, 2.02+dfsg1-20, CC-BY-SA-3.0;Expat;GPL;GPL-3;GPL-3+
grub-pc-bin, 2.02+dfsg1-20, CC-BY-SA-3.0;Expat;GPL;GPL-3;GPL-3+
grub2-common, 2.02+dfsg1-20, CC-BY-SA-3.0;Expat;GPL;GPL-3;GPL-3+
gunicorn, 19.9.0-1, BSD;BSD-3-clause;GPL;GPL-3;GPL-3+;MIT
gzip, 1.9-3, GPL
haveged, 1.9.1-7, GPL;GPL-3;GPL-3+;permissive-mconf;permissive-nist;public domain;public-domain
hdparm, 9.58+ds-1, BSD;BSD-2-clause;GPL;GPL-2;GPL-2+;hdparm
hostapd, 1:2.8.0-cl4u5, BSD;BSD-3-clause;GPL;GPL-2;ISC;public domain;public-domain
hostname, 3.21, GPL;GPL-2
hsflowd, 2.0.11-cl4u1, Adaptive
htop, 2.2.0-1+b1, GPL;GPL-2;GPL-2+
i2c-tools, 4.1-1, GPL;GPL-2;LGPL-2
ieee-data, 20180805.1, GPL;GPL-2;GPL-2+;other;WTFPL-2
ifupdown2, 2.0.1-cl4u2, GPL;GPL-2
init, 1.56+nmu1, BSD;BSD-3-clause;GPL;GPL-2;GPL-2+
init-system-helpers, 1.56+nmu1, BSD;BSD-3-clause;GPL;GPL-2;GPL-2+
initramfs-tools, 0.133+deb10u1, GPL;GPL-2
initramfs-tools-core, 0.133+deb10u1, GPL;GPL-2
insserv, 1.18.0-2, GPL;GPL-2
installation-report, 2.71, GPL;GPL-2
ipmitool, 1.8.18-6, BSD;BSD-3-clause
iproute2, 4.19.0-cl4u2, GPL;GPL-2
iproute2-doc, 4.19.0-cl4u2, GPL;GPL-2
iptables, 1.8.2-3-cl4u1, Artistic-2;custom;GPL;GPL-2;GPL-2+
iputils-ping, 3:20180629-2, BSD;GPL
irqbalance, 1.5.0-3, GPL
isc-dhcp-client, 4.4.1-cl4u4, GPL;GPL-2;ISC;MPL-2;MPL-2.0
isc-dhcp-common, 4.4.1-cl4u4, GPL;GPL-2;ISC;MPL-2;MPL-2.0
isc-dhcp-relay, 4.4.1-cl4u4, GPL;GPL-2;ISC;MPL-2;MPL-2.0
isc-dhcp-server, 4.4.1-cl4u4, GPL;GPL-2;ISC;MPL-2;MPL-2.0
kbd, 2.0.4-4, GPL;GPL-*”;GPL-2+;GPL-2”;GPL-2-with-exceptions;GPL-any
keyboard-configuration, 1.193~deb10u1, GPL;GPL-2;public domain
klibc-utils, 2.0.6-1, BSD;GPL;GPL-2
kmod, 26-1, GPL;GPL-2;LGPL-2
krb5-locales, 1.17-3, BSD;GPL;GPL-2;MIT
l1-tools, 4.0-cl4u2, Cumulus Networks Proprietary
less, 487-0.1+b1, GPL;GPL-3
libacl1, 2.2.53-4, GPL;GPL-2;GPL-2+;LGPL-2;LGPL-2+
libaio1, 0.3.112-3, LGPL-2;LGPL-2.1+
libapparmor1, 2.13.2-10, BSD;BSD-3-clause;GPL;GPL-2;GPL-2+;LGPL-2;LGPL-2.1+
libapt-inst2.0, 1.8.2, GPL;GPL-2;GPLv2+
libapt-pkg5.0, 1.8.2, GPL;GPL-2;GPLv2+
libargon2-1, 0~20171227-0.2, Apache-2;Apache-2.0;CC0
libassuan0, 2.5.2-1, GAP;GAP~FSF;GPL;GPL-2;GPL-2+;GPL-2+ with libtool exception;GPL-3;GPL-3+;LGPL-2;LGPL-2.1+;LGPL-3;LGPL-3+
libatomic1, 8.3.0-6, Artistic;BSD;GFDL-1;GPL;GPL-2;GPL-3;LGPL;zlib
libattr1, 1:2.4.48-4, GPL;GPL-2;GPL-2+;LGPL-2;LGPL-2+
libaudit-common, 1:2.8.4-3, GPL;GPL-1;GPL-2;LGPL-2;LGPL-2.1
libaudit1, 1:2.8.4-3, GPL;GPL-1;GPL-2;LGPL-2;LGPL-2.1
libauparse0, 1:2.8.4-3, GPL;GPL-1;GPL-2;LGPL-2;LGPL-2.1
libbabeltrace1, 1.5.6-2+deb10u1, GPL;GPL-2;GPL-3;GPL-3+;LGPL-2.1;MIT
libbind9-161, 1:9.11.5.P4+dfsg-5.1, BSD;BSD-2-clause;BSD-3-clause;BSD-4-clause;ISC;MPL-2;MPL-2.0
libbinutils, 2.31.1-16, GFDL;GPL;LGPL
libblkid1, 2.33.1-0.1, BSD;BSD-2-clause;BSD-3-clause;BSD-4-clause;GPL;GPL-2;GPL-2+;GPL-3;GPL-3+;LGPL;LGPL-2;LGPL-2+;LGPL-2.1+;LGPL-3;LGPL-3+;MIT;public domain;public-domain
libbsd0, 0.9.1-2, Beerware;BSD;BSD-2-clause;BSD-2-clause-author;BSD-2-clause-NetBSD;BSD-2-clause-verbatim;BSD-3-clause;BSD-3-clause-author;BSD-3-clause-John-Birrell;BSD-3-clause-Regents;BSD-4-clause-Christopher-G-Demetriou;BSD-4-clause-Niels-Provos;BSD-5-clause-Peter-Wemm;Expat;ISC;ISC-Original;public domain;public-domain;public-domain-Colin-Plumb
libbz2-1.0, 1.0.6-9.2~deb10u1, BSD;BSD-variant;GPL;GPL-2
libc-ares2, 1.14.0-1, GPL;MIT
libc-bin, 2.28-10, BSD;GPL;GPL-2;ISC;LGPL-2
libc-l10n, 2.28-10, BSD;GPL;GPL-2;ISC;LGPL-2
libc6, 2.28-10, BSD;GPL;GPL-2;ISC;LGPL-2
libcap-ng0, 0.7.9-2, GPL;GPL-2;GPL-3;LGPL-2
libcap2, 1:2.25-2, BSD;BSD-3-clause;GPL;GPL-2;GPL-2+
libcap2-bin, 1:2.25-2, BSD;BSD-3-clause;GPL;GPL-2;GPL-2+
libcdt5, 2.40.1-6, EPL-1.0;MIT;X/MIT;zlib;zlib-style
libcgraph6, 2.40.1-6, EPL-1.0;MIT;X/MIT;zlib;zlib-style
libcgroup1, 0.41-8.1, BSD;BSD-3-clause;GPL;GPL-2;GPL-3;LGPL-2;LGPL-2.1
libcli1.9, 1.9.7-2+b11, LGPL
libcom-err2, 1.44.5-1+deb10u3, MIT
libcomerr2, 1.44.5-1+deb10u3, BSD;GPL;GPL-2;LGPL-2;MIT
libcryptsetup12, 2:2.1.0-5+deb10u2, Apache-2;Apache-2.0;CC0;CC0-1;GPL;GPL-2;GPL-2+;GPL-2+ with OpenSSL exception;LGPL-2;LGPL-2.1+;LGPL-2.1+ with OpenSSL exception;public-domain
libcurl3-gnutls, 7.64.0-4+deb10u1, BSD;BSD-3-Clause;BSD-4-Clause;curl;ISC;other;public-domain
libcurl4, 7.64.0-4+deb10u1, BSD;BSD-3-Clause;BSD-4-Clause;curl;ISC;other;public-domain
libdb5.3, 9999-cl4u1, GPL;GPL-2
libdbd-sqlite3-perl, 1.62-3, Artistic;GPL;GPL-1;GPL-1+;public-domain
libdbi-perl, 1.642-1+b1, Artistic;GPL;GPL-1;GPL-1+
libdbus-1-3, 1.12.16-1, AFL-2.1;BSD;BSD-3-clause;BSD-3-clause-generic;Expat;g10-permissive;GPL;GPL-2;GPL-2+;Tcl-BSDish
libdebconfclient0, 0.249, public domain
libdevmapper-event1.02.1, 2:1.02.155-3, BSD;BSD-2-Clause;GPL;GPL-2;GPL-2.0;GPL-2.0+;LGPL-2;LGPL-2.1;MIT
libdevmapper1.02.1, 2:1.02.155-3, BSD;BSD-2-Clause;GPL;GPL-2;GPL-2.0;GPL-2.0+;LGPL-2;LGPL-2.1;MIT
libdiscover2, 2.1.2-8, GPL
libdns-export1104, 1:9.11.5.P4+dfsg-5.1, BSD;BSD-2-clause;BSD-3-clause;BSD-4-clause;ISC;MPL-2;MPL-2.0
libdns1104, 1:9.11.5.P4+dfsg-5.1, BSD;BSD-2-clause;BSD-3-clause;BSD-4-clause;ISC;MPL-2;MPL-2.0
libdpkg-perl, 1.19.7, BSD;BSD-2-clause;GPL;GPL-2;GPL-2+;public domain;public-domain-md5;public-domain-s-s-d
libdw1, 0.176-1.1, GPL;GPL-2;GPL-3;LGPL-
libedit2, 3.1-20181209-1, BSD;BSD-3-clause
libefiboot1, 37-2, GPL;GPL-2;GPL-2.0+;LGPL-2;LGPL-2.0+
libefivar1, 37-2, GPL;GPL-2;GPL-2.0+;LGPL-2;LGPL-2.0+
libelf1, 0.176-1.1, GPL;GPL-2;GPL-3;LGPL-
liberror-perl, 0.17027-2, Artistic;GPL;GPL-1;GPL-1+;MIT;MIT/X11
libestr0, 0.1.10-2.1, LGPL-2
libevent-2.1-6, 2.1.8-stable-4, BSD
libexpat1, 2.2.6-2+deb10u1, MIT
libext2fs2, 1.44.5-1+deb10u3, BSD;GPL;GPL-2;LGPL-2;MIT
libfastjson4, 0.99.8-2, Apache-2;Apache-2.0;Expat
libfdisk1, 2.33.1-0.1, BSD;BSD-2-clause;BSD-3-clause;BSD-4-clause;GPL;GPL-2;GPL-2+;GPL-3;GPL-3+;LGPL;LGPL-2;LGPL-2+;LGPL-2.1+;LGPL-3;LGPL-3+;MIT;public domain;public-domain
libffi6, 3.2.1-9, GPL
libfile-fnmatch-perl, 0.02-2+b6, Artistic;GPL;GPL-1;GPL-1+
libfontconfig1, 2.13.1-2, BSD-like
libfreeipmi17, 1.6.3-1.1, GPL;GPL-3;GPL-3+;LGPL-3;LGPL-3+
libfreetype6, 2.9.1-3+deb10u1, BSD;BSD-3-Clause;Catharon-OSL;FSFUL;FSFULLR;FTL;GPL;GPL-2;GPL-2+;GPL-3;GPL-3+;MIT;OpenGroup-BSD-like;Permissive;public domain;Public-Domain;zlib;Zlib
libfstrm0, 0.4.0-1, Apache-2;Apache-2.0;Gray-Watson
libfuse2, 2.9.9-1, GPL;GPL-2;GPL-2+;LGPL-2
libgc1c2, 1:7.6.4-0.4, MIT-like
libgcc1, 1:8.3.0-6, Artistic;BSD;GFDL-1;GPL;GPL-2;GPL-3;LGPL;zlib
libgcrypt20, 1.8.4-5, BSD;GPL;GPL-2;LGPL;MIT;public domain
libgd3, 2.2.5-5.2, BSD;BSD-3-clause;GAP~configure;GAP~Makefile.in;GD;GPL;GPL-2;GPL-2+;GPL-2+ with Autoconf exception;HPND;MIT;WEBP;XFIG
libgdbm-compat4, 1.18.1-4, GFDL-NIV-1.3+;GPL;GPL-2;GPL-2+;GPL-3;GPL-3+
libgdbm6, 1.18.1-4, GFDL-NIV-1.3+;GPL;GPL-2;GPL-2+;GPL-3;GPL-3+
libgeoip1, 1.6.12-1, ISC;LGPL-2;LGPL-2.1+
libglib2.0-0, 2.58.3-2+deb10u2, Apache-2;Apache-2.0;Expat;GPL;GPL-2+;LGPL
libgmp10, 2:6.1.2+dfsg-4, GPL;GPL-2;GPL-3;LGPL-3
libgnutls30, 3.6.7-4+deb10u2, Apache-2;CC0 license;GFDL-1;GPL;GPL-3);GPLv3+;LGPL;LGPL-3;LGPLv3+_or_GPLv2+;MIT;The main library is licensed under GNU Lesser;The MIT License (MIT)
libgpg-error0, 1.35-1, BSD;BSD-3-clause;g10-permissive;GPL;GPL-3;GPL-3+;LGPL-2;LGPL-2.1+
libgpm2, 1.20.7-5, GPL;GPL-2;GPL-2.0+;GPL-3;GPL-3.0+
libgssapi-krb5-2, 1.17-3, BSD;GPL;GPL-2;MIT
libhavege1, 1.9.1-7, GPL;GPL-3;GPL-3+;permissive-mconf;permissive-nist;public domain;public-domain
libhiredis0.14, 0.14.0-3, BSD;BSD-3-Clause
libhogweed4, 3.4.1-1, GAP;GPL;GPL-2;GPL-2+;GPL-2+ with Autoconf exception;LGPL;LGPL-2;LGPL-2+;LGPL-2.1+;other;public domain;public-domain
libi2c0, 4.1-1, GPL;GPL-2;LGPL-2
libicu63, 63.1-6, BSD
libidn11, 1.33-2.2, GAP;GFDL-1;GFDL-1.3+;GPL;GPL-2;GPL-2+;GPL-3;GPL-3+;LGPL-2;LGPL-2.1+;LGPL-3;LGPL-3+
libidn2-0, 2.0.5-1+deb10u1, GPL;GPL-2;GPL-2+;GPL-3;GPL-3+;LGPL-3;LGPL-3+;Unicode
libip4tc0, 1.8.2-3-cl4u1, Artistic-2;custom;GPL;GPL-2;GPL-2+
libip6tc0, 1.8.2-3-cl4u1, Artistic-2;custom;GPL;GPL-2;GPL-2+
libiptc0, 1.8.2-3-cl4u1, Artistic-2;custom;GPL;GPL-2;GPL-2+
libirs-export161, 1:9.11.5.P4+dfsg-5.1, BSD;BSD-2-clause;BSD-3-clause;BSD-4-clause;ISC;MPL-2;MPL-2.0
libirs161, 1:9.11.5.P4+dfsg-5.1, BSD;BSD-2-clause;BSD-3-clause;BSD-4-clause;ISC;MPL-2;MPL-2.0
libisc-export1100, 1:9.11.5.P4+dfsg-5.1, BSD;BSD-2-clause;BSD-3-clause;BSD-4-clause;ISC;MPL-2;MPL-2.0
libisc1100, 1:9.11.5.P4+dfsg-5.1, BSD;BSD-2-clause;BSD-3-clause;BSD-4-clause;ISC;MPL-2;MPL-2.0
libisccc161, 1:9.11.5.P4+dfsg-5.1, BSD;BSD-2-clause;BSD-3-clause;BSD-4-clause;ISC;MPL-2;MPL-2.0
libisccfg-export163, 1:9.11.5.P4+dfsg-5.1, BSD;BSD-2-clause;BSD-3-clause;BSD-4-clause;ISC;MPL-2;MPL-2.0
libisccfg163, 1:9.11.5.P4+dfsg-5.1, BSD;BSD-2-clause;BSD-3-clause;BSD-4-clause;ISC;MPL-2;MPL-2.0
libjbig0, 2.1-3.1+b2, GPL;GPL-2;GPL-2+
libjpeg62-turbo, 1:1.5.2-2+b1, BSD;BSD-3;BSD-BY-LC-NE;Expat;MIT
libjs-jquery, 3.3.1~dfsg-3, BSD;BSD-3-clause;GPL;GPL-2;GPL-2>;MIT
libjs-underscore, 1.9.1~dfsg-1, BSD;BSD-3-clause;Expat;GPL;GPL-3;GPL-3+
libjson-c3, 0.12.1+ds-2, Expat
libk5crypto3, 1.17-3, BSD;GPL;GPL-2;MIT
libkeyutils1, 1.6-6, GPL;GPL-2;GPL-2+;LGPL-2;LGPL-2+
libklibc, 2.0.6-1, BSD;GPL;GPL-2
libkmod2, 26-1, GPL;GPL-2;LGPL-2
libkrb5-3, 1.17-3, BSD;GPL;GPL-2;MIT
libkrb5support0, 1.17-3, BSD;GPL;GPL-2;MIT
libksba8, 1.3.5-2, GPL;GPL-3
libldap-2.4-2, 2.4.47+dfsg-3+deb10u1, ISC;MIT
libldap-common, 2.4.47+dfsg-3+deb10u1, ISC;MIT
liblmdb0, 0.9.22-1, OpenLDAP-2.8
liblocale-gettext-perl, 1.07-3+b4, Artistic;GPL;GPL-1;GPL-1+
liblognorm5, 2.0.5-1, Apache-2;Apache-2.0;LGPL-2;LGPL-2.1+
liblttng-ust-ctl4, 2.10.3-1, BSD;BSD-2-clause;BSD-3-clause;Expat;GPL;GPL-2;GPL-2+;GPL-3;GPL-3+;LGPL-2;LGPL-2.1;LGPL-2.1+;MIT;Permissive
liblttng-ust0, 2.10.3-1, BSD;BSD-2-clause;BSD-3-clause;Expat;GPL;GPL-2;GPL-2+;GPL-3;GPL-3+;LGPL-2;LGPL-2.1;LGPL-2.1+;MIT;Permissive
libluajit-5.1-2, 2.1.0~beta3+dfsg-5.1, MIT;MIT/X;PD;public domain
libluajit-5.1-common, 2.1.0~beta3+dfsg-5.1, MIT;MIT/X;PD;public domain
liblvm2cmd2.03, 2.03.02-3, BSD;BSD-2-Clause;GPL;GPL-2;GPL-2.0;GPL-2.0+;LGPL-2;LGPL-2.1;MIT
liblwres161, 1:9.11.5.P4+dfsg-5.1, BSD;BSD-2-clause;BSD-3-clause;BSD-4-clause;ISC;MPL-2;MPL-2.0
liblz4-1, 1.8.3-1, BSD;BSD-2-clause;GPL;GPL-2;GPL-2+
liblzma5, 5.2.4-1, Autoconf;config-h;GPL;GPL-2;GPL-2+;GPL-3;LGPL-2;LGPL-2.1+;noderivs;none;PD;PD-debian;permissive-fsf;permissive-nowarranty;probably-PD;public domain
liblzo2-2, 2.10-0.1, GPL;GPL-2
libmagic-mgc, 1:5.35-4+deb10u1, BSD;BSD-2-Clause-alike;BSD-2-Clause-netbsd;BSD-2-Clause-regents;MIT;MIT-Old-Style-with-legal-disclaimer-2;public domain;public-domain
libmagic1, 1:5.35-4+deb10u1, BSD;BSD-2-Clause-alike;BSD-2-Clause-netbsd;BSD-2-Clause-regents;MIT;MIT-Old-Style-with-legal-disclaimer-2;public domain;public-domain
libmariadb3, 1:10.3.22-0+deb10u1, Artistic;BSD;BSD-2-clause;BSD-3-clause;GPL;GPL-2;GPL-2+;GPL-2+-with-bison-exception;GPL-3;GPL-3+;GPL-3+-with-bison-exception;GPL-verbatim;LGPL;LGPL-2;LGPL-2.1+;MIT;MIT/X11;public domain;public-domain;Python;SWsoft;unlimited-free-doc;zlib;zlib/libpng
libmnl0, 1.0.4-2, GPL;GPL-2;GPL-2+;LGPL-2;LGPL-2.1
libmount1, 2.33.1-0.1, BSD;BSD-2-clause;BSD-3-clause;BSD-4-clause;GPL;GPL-2;GPL-2+;GPL-3;GPL-3+;LGPL;LGPL-2;LGPL-2+;LGPL-2.1+;LGPL-3;LGPL-3+;MIT;public domain;public-domain
libmpdec2, 2.4.2-2, BSD;GPL;GPL-2;GPL-2+
libncurses6, 6.1+20181013-2+deb10u2, MIT
libncursesw6, 6.1+20181013-2+deb10u2, MIT
libnet1, 1.1.6+dfsg-3.1, BSD;BSD-2;BSD-3;BSD-4;other
libnetfilter-conntrack3, 1.0.7-1, GPL;GPL-2;GPL-2+
libnettle6, 3.4.1-1, GAP;GPL;GPL-2;GPL-2+;GPL-2+ with Autoconf exception;LGPL;LGPL-2;LGPL-2+;LGPL-2.1+;other;public domain;public-domain
libnfnetlink0, 1.0.1-3+b1, GPL
libnftnl11, 1.1.2-2, GPL;GPL-2;GPL-2+
libnghttp2-14, 1.36.0-2+deb10u1, all-permissive;BSD;BSD-2-clause;Expat;GPL;GPL-3;GPL-3+ with autoconf exception;MIT;SIL-OFL-1.1
libnginx-mod-http-auth-pam, 1.14.2-2+deb10u1, BSD;BSD-2-clause;BSD-3-clause;BSD-4-clause;MIT
libnginx-mod-http-cache-purge, 1.14.2-2+deb10u1, BSD;BSD-2-clause;BSD-3-clause;BSD-4-clause;MIT
libnginx-mod-http-dav-ext, 1.14.2-2+deb10u1, BSD;BSD-2-clause;BSD-3-clause;BSD-4-clause;MIT
libnginx-mod-http-echo, 1.14.2-2+deb10u1, BSD;BSD-2-clause;BSD-3-clause;BSD-4-clause;MIT
libnginx-mod-http-fancyindex, 1.14.2-2+deb10u1, BSD;BSD-2-clause;BSD-3-clause;BSD-4-clause;MIT
libnginx-mod-http-geoip, 1.14.2-2+deb10u1, BSD;BSD-2-clause;BSD-3-clause;BSD-4-clause;MIT
libnginx-mod-http-headers-more-filter, 1.14.2-2+deb10u1, BSD;BSD-2-clause;BSD-3-clause;BSD-4-clause;MIT
libnginx-mod-http-image-filter, 1.14.2-2+deb10u1, BSD;BSD-2-clause;BSD-3-clause;BSD-4-clause;MIT
libnginx-mod-http-lua, 1.14.2-2+deb10u1, BSD;BSD-2-clause;BSD-3-clause;BSD-4-clause;MIT
libnginx-mod-http-ndk, 1.14.2-2+deb10u1, BSD;BSD-2-clause;BSD-3-clause;BSD-4-clause;MIT
libnginx-mod-http-perl, 1.14.2-2+deb10u1, BSD;BSD-2-clause;BSD-3-clause;BSD-4-clause;MIT
libnginx-mod-http-subs-filter, 1.14.2-2+deb10u1, BSD;BSD-2-clause;BSD-3-clause;BSD-4-clause;MIT
libnginx-mod-http-uploadprogress, 1.14.2-2+deb10u1, BSD;BSD-2-clause;BSD-3-clause;BSD-4-clause;MIT
libnginx-mod-http-upstream-fair, 1.14.2-2+deb10u1, BSD;BSD-2-clause;BSD-3-clause;BSD-4-clause;MIT
libnginx-mod-http-xslt-filter, 1.14.2-2+deb10u1, BSD;BSD-2-clause;BSD-3-clause;BSD-4-clause;MIT
libnginx-mod-mail, 1.14.2-2+deb10u1, BSD;BSD-2-clause;BSD-3-clause;BSD-4-clause;MIT
libnginx-mod-nchan, 1.14.2-2+deb10u1, BSD;BSD-2-clause;BSD-3-clause;BSD-4-clause;MIT
libnginx-mod-stream, 1.14.2-2+deb10u1, BSD;BSD-2-clause;BSD-3-clause;BSD-4-clause;MIT
libnl-3-200, 3.2.27-cl4u2, GPL;GPL-2;LGPL-2
libnl-cli-3-200, 3.2.27-cl4u2, GPL;GPL-2;LGPL-2
libnl-genl-3-200, 3.2.27-cl4u2, GPL;GPL-2;LGPL-2
libnl-idiag-3-200, 3.2.27-cl4u2, GPL;GPL-2;LGPL-2
libnl-nf-3-200, 3.2.27-cl4u2, GPL;GPL-2;LGPL-2
libnl-route-3-200, 3.2.27-cl4u2, GPL;GPL-2;LGPL-2
libnl-utils, 3.2.27-cl4u2, GPL;GPL-2;LGPL-2
libnpth0, 1.6-1, LGPL-2;LGPL-2.1+
libnuma1, 2.0.12-1, GPL;LGPL
libopencsd0, 0.10.1-1, BSD;BSD-3-clause
libopts25, 1:5.18.12-4, BSD;GPL;GPL-2;GPL-2+;GPL-3;GPL-3+;GPL-3+.;LGPL-2;LGPL-2.1+;LGPL-3+;Modified_BSD
libp11-kit0, 0.23.15-2, BSD;BSD-3-Clause;ISC;ISC+IBM;permissive-like-automake-output;same-as-rest-of-p11kit
libpam-modules, 1.3.1-5, BSD;GPL
libpam-modules-bin, 1.3.1-5, BSD;GPL
libpam-runtime, 1.3.1-5, BSD;GPL
libpam-script, 1.1.9-4, GPL;GPL-2;GPL-3;GPL-3.0+
libpam0g, 1.3.1-5, BSD;GPL
libparted2, 3.2-25, GPL;GPL-3
libpcap0.8, 1.8.1-6, BSD
libpci3, 1:3.5.2-1, GPL
libpcre2-8-0, 10.32-5, BSD;public domain
libpcre3, 2:8.39-12, BSD
libperl5.28, 5.28.1-6, Artistic;Artistic-2;Artistic-dist;BSD;BSD-3-clause;BSD-3-clause-GENERIC;BSD-3-clause-with-weird-numbering;BSD-4-clause-POWERDOG;BZIP; CC0-1.0;DONT-CHANGE-THE-GPL;Expat;GPL;GPL-1;GPL-1+;GPL-2;GPL-2+;GPL-3+-WITH-BISON-EXCEPTION;HSIEH-BSD;HSIEH-DERIVATIVE;LGPL-2;LGPL-2.1;MIT;public domain;REGCOMP;RRA-KEEP-THIS-NOTICE;S2P;SDBM-PUBLIC-DOMAIN;TEXT-TABS;Unicode;zlib;ZLIB
libpipeline1, 1.5.1-2, GPL;GPL-2;GPL-2+;GPL-3;GPL-3+
libpng16-16, 1.6.36-6, Apache-2;Apache-2.0;BSD;BSD-3-clause;BSD-like-with-advertising-clause;expat;GPL;GPL-2;GPL-2+;libpng;libpng OR Apache-2.0 OR BSD-3-clause
libpopt0, 1.16-12, GPL;GPL-2;GPL-2+;MIT;X-Consortium
libprocps7, 2:3.3.15-2, GPL;GPL-2;GPL-2.0+;LGPL-2;LGPL-2.0+;LGPL-2.1+
libprotobuf-c1, 1.3.1-1+b1, BSD;BSD-2-Clause;BSD-3-Clause;permissive
libprotobuf17, 3.6.1.3-2, Apache-2;Apache-2.0;BSD;BSD-3-Clause~Bloomberg;BSD-3-Clause~Google;BSD-3-Clause~RedHat;Expat;GPL;GPL-2;GPL-3;GPLWithACException;Public-Domain
libpsl5, 0.20.2-2, Chromium;MIT
libpython-stdlib, 2.7.16-1, BEOPEN;CNRI;GPL;Python
libpython2-stdlib, 2.7.16-1, BEOPEN;CNRI;GPL;Python
libpython2.7-minimal, 2.7.16-2+deb10u1, Apache-2;BEOPEN;BSD;CNRI;GPL;GPL-2;ISC;OpenSSL;Python;SSLeay;zlib
libpython2.7-stdlib, 2.7.16-2+deb10u1, Apache-2;BEOPEN;BSD;CNRI;GPL;GPL-2;ISC;OpenSSL;Python;SSLeay;zlib
libpython3-stdlib, 3.7.3-1, BEOPEN;CNRI;GPL;Python
libpython3.7, 3.7.3-2+deb10u1, BEOPEN;BSD;CNRI;GPL;GPL-2;OpenSSL;Python;SSLeay;zlib
libpython3.7-minimal, 3.7.3-2+deb10u1, BEOPEN;BSD;CNRI;GPL;GPL-2;OpenSSL;Python;SSLeay;zlib
libpython3.7-stdlib, 3.7.3-2+deb10u1, BEOPEN;BSD;CNRI;GPL;GPL-2;OpenSSL;Python;SSLeay;zlib
libreadline5, 5.2+dfsg-3+b13, GPL;GPL-2
libreadline7, 7.0-5, GFDL;GPL;GPL-3
librtmp1, 2.4+20151223.gitfa8646d.1-2, GPL;GPL-2;LGPL-2
libsasl2-2, 2.1.27+dfsg-1+deb10u1, BSD;BSD-4-clause;GPL;GPL-3;GPL-3+
libsasl2-modules-db, 2.1.27+dfsg-1+deb10u1, BSD;BSD-4-clause;GPL;GPL-3;GPL-3+
libseccomp2, 2.3.3-4, LGPL-2;LGPL-2.1
libselinux1, 2.8-1+b1, GPL;GPL-2;LGPL-2;public domain
libsemanage-common, 2.8-2, GPL;LGPL
libsemanage1, 2.8-2, GPL;LGPL
libsensors-config, 1:3.5.0-3, GPL;GPL-2;LGPL-2
libsensors5, 1:3.5.0-3, GPL;GPL-2;LGPL-2
libsepol1, 2.8-1, GPL;LGPL
libslang2, 2.3.2-2, GPL;GPL-2;GPL-2+
libsmartcols1, 2.33.1-0.1, BSD;BSD-2-clause;BSD-3-clause;BSD-4-clause;GPL;GPL-2;GPL-2+;GPL-3;GPL-3+;LGPL;LGPL-2;LGPL-2+;LGPL-2.1+;LGPL-3;LGPL-3+;MIT;public domain;public-domain
libsnmp-base, 5.8.0-cl4u7, BSD
libsnmp-perl, 5.8.0-cl4u7, BSD
libsnmp35, 5.8.0-cl4u7, BSD
libsqlite3-0, 3.27.2-3, GPL;GPL-2;GPL-2+;public domain;public-domain
libss2, 1.44.5-1+deb10u3, MIT
libssh2-1, 1.8.0-2.1, BSD3
libssl1.1, 1.1.1d-0+deb10u2, BSD;OpenSSL;SSLeay
libstdc++6, 8.3.0-6, Artistic;BSD;GFDL-1;GPL;GPL-2;GPL-3;LGPL;zlib
libsystemd0, 241-7~deb10u3, CC0-1;CC0-1.0;Expat;GPL;GPL-2;GPL-2+;LGPL-2;LGPL-2.1+;public domain;public-domain
libtasn1-6, 4.13-3, GFDL-1;GPL;GPL-3;LGPL;LGPL-2
libtext-charwidth-perl, 0.04-7.1+b1, Artistic;GPL;GPL-2
libtext-iconv-perl, 1.7-5+b7, Artistic;GPL;GPL-2
libtext-wrapi18n-perl, 0.06-7.1, Artistic;GPL
libtiff5, 4.1.0+git191117-2~deb10u1, BSD-like
libtinfo5, 6.1+20181013-2+deb10u2, MIT
libtinfo6, 6.1+20181013-2+deb10u2, MIT
libuchardet0, 0.0.6-3, GPL;GPL-2;GPL-2+;LGPL-2;LGPL-2.1+;MPL-1.1
libudev1, 241-7~deb10u3, CC0-1;CC0-1.0;Expat;GPL;GPL-2;GPL-2+;LGPL-2;LGPL-2.1+;public domain;public-domain
libunistring2, 0.9.10-1, FreeSoftware;GFDL-1;GFDL-1.2+;GPL;GPL-2;GPL-2+;GPL-2+ with distribution exception;GPL-3;GPL-3+;LGPL-3;LGPL-3+;MIT
libunwind8, 1.2.1-9, Expat;GPL;GPL-2;GPL-2+
liburcu6, 0.10.2-1, BSD;BSD-2-clause;Expat;GPL;GPL-2;GPL-2+;GPL-3;GPL-3+;LGPL-2;LGPL-2.1;LGPL-2.1+;MIT;MIT-MINIMAL
libusb-0.1-4, 2:0.1.12-32, BSD;LGPL-2
libusb-1.0-0, 2:1.0.22-2, GPL;GPL-2;LGPL-2
libutempter0, 1.1.6-3, GPL;GPL-3;LGPL-2;LGPL-3
libuuid1, 2.33.1-0.1, BSD;BSD-2-clause;BSD-3-clause;BSD-4-clause;GPL;GPL-2;GPL-2+;GPL-3;GPL-3+;LGPL;LGPL-2;LGPL-2+;LGPL-2.1+;LGPL-3;LGPL-3+;MIT;public domain;public-domain
libwebp6, 0.6.1-2, Apache-2
libwrap0, 7.6.q-28, BSD
libx11-6, 2:1.6.7-1, MIT
libx11-data, 2:1.6.7-1, MIT
libxau6, 1:1.0.8-1+b2, BSD
libxcb1, 1.13.1-2, BSD
libxdmcp6, 1:1.1.2-3, MIT
libxml2, 2.9.4+dfsg1-7+b3, ISC;MIT;MIT-1
libxpm4, 1:3.5.12-1, BSD
libxslt1.1, 1.1.32-2.2~deb10u1, BSD
libxtables12, 1.8.2-3-cl4u1, Artistic-2;custom;GPL;GPL-2;GPL-2+
libyaml-0-2, 0.2.1-1, Expat;permissive
libyang0.16, 0.16.105-1, Apache-2;Apache-2.0;BSD;BSD-2-clause;BSD-3-clause;BSD-3-clause AND Apache-2.0;EPL-1.0;Expat;GPL;GPL-3;IETF-BSD-3-clause
libzstd1, 1.3.8+dfsg-3, BSD;BSD-3-clause;Expat;GPL;GPL-2;GPL-2+;zlib
linux-base, 4.6, GPL;GPL-2
linux-image-4.19.0-cl-1-amd64, 4.19.94-1+cl4u3, GPL;GPL-2;Unicode-data;Xen-interface
linux-image-amd64, 4.19+63+cl4u1, GPL;GPL-2
linux-perf, 4.19+105+deb10u3, GPL;GPL-2
linux-perf-4.19, 4.19.98-1, CRYPTOGAMS;GPL;GPL-2;GPL-2+;LGPL-2;LGPL-2.1;Unicode-data;X11;Xen-interface
linuxptp, 1.8-cl4u1, GPL;GPL-2
lldpd, 1.0.4-0-cl4u3, APSL-2;BSD;BSD-2-clause;BSD-3-clause;Expat;GPL;GPL-2;GPL-2+;GPL-2+ with Autoconf exception;ISC;permissive
lm-sensors, 1:3.5.0-3, GPL;GPL-2;LGPL-2
locales, 2.28-10, BSD;GPL;GPL-2;ISC;LGPL-2
login, 1:4.5-1.1, BSD;GPL;GPL-2
logrotate, 3.14.0-4, GPL;GPL-2
lsb-base, 10.2019051400, BSD;BSD-3-clause;GPL;GPL-2
lsb-release, 10.2019051400, BSD;BSD-3-clause;GPL;GPL-2
lsof, 4.91+dfsg-1, BSD;BSD-4-clause;GPL;GPL-2;GPL-2+;LGPL-2;LGPL-2+;Purdue;sendmail
lvm2, 2.03.02-3, BSD;BSD-2-Clause;GPL;GPL-2;GPL-2.0;GPL-2.0+;LGPL-2;LGPL-2.1;MIT
lzma, 9.22-2.1, public domain
make, 4.2.1-1.2, GPL;GPL-3;GPL-3+
makedev, 2.3.1-94, GPL
man-db, 2.8.5-2, GPL;GPL-2;GPL-2+;GPL-3;GPL-3+
mariadb-common, 1:10.3.22-0+deb10u1, Artistic;BSD;BSD-2-clause;BSD-3-clause;GPL;GPL-2;GPL-2+;GPL-2+-with-bison-exception;GPL-3;GPL-3+;GPL-3+-with-bison-exception;GPL-verbatim;LGPL;LGPL-2;LGPL-2.1+;MIT;MIT/X11;public domain;public-domain;Python;SWsoft;unlimited-free-doc;zlib;zlib/libpng
mawk, 1.3.3-17+b3, GPL;GPL-2
memtester, 4.3.0-4+b1, GPL;GPL-2;GPL-2+
mgmt-vrf, 1.0-cl4u2, GPL;GPL-2
mime-support, 3.62, ad-hoc;Bellcore;public domain
mount, 2.33.1-0.1, BSD;BSD-2-clause;BSD-3-clause;BSD-4-clause;GPL;GPL-2;GPL-2+;GPL-3;GPL-3+;LGPL;LGPL-2;LGPL-2+;LGPL-2.1+;LGPL-3;LGPL-3+;MIT;public domain;public-domain
mstpd, 0.r37-cl4u1, GPL;GPL-2;GPLv2.
mtd-utils, 1:2.0.1-1, GPL;GPL-2;MIT
mtr-tiny, 0.92-2, GPL;GPL-2;GPL-2+
multiarch-support, 2.28-10, BSD;GPL;GPL-2;ISC;LGPL-2
mysql-common, 5.8+1.0.5, GPL;GPL-2;GPL-2+
mz, 0.40-1.1+b1, GPL;GPL-2;GPL-2+
nano, 3.2-3, GFDL-1;GFDL-NIV+;GPL;GPL-3;GPL-3+
nclu, 1.0-cl4u5, Cumulus Networks Proprietary;GPL;GPL-2
ncurses-base, 6.1+20181013-2+deb10u2, MIT
ncurses-bin, 6.1+20181013-2+deb10u2, MIT
neighmgrd, 4.0-cl4u2, Cumulus Networks Proprietary;GPL;GPL-2
net-tools, 1.60-cl4u1, GPL;GPL-2;GPL-2+
netbase, 5.6, GPL;GPL-2
netq-agent, 2.4.1-cl4u26~1581350238.c5ec3e5a, Cumulus Networks Proprietary; GPL-2
netq-apps, 2.4.1-cl4u26~1581350238.c5ec3e5a, Cumulus Networks Proprietary; GPL-2
nginx-common, 1.14.2-2+deb10u1, BSD;BSD-2-clause;BSD-3-clause;BSD-4-clause;MIT
nginx-extras, 1.14.2-2+deb10u1, BSD;BSD-2-clause;BSD-3-clause;BSD-4-clause;MIT
ntp, 1:4.2.8p12+dfsg-4+cl4u9, ISC
onie-tools, 3.2-cl4u1, GPL;GPL-2
openssh-client, 1:7.9p1-10+deb10u2, Beer-ware;BSD;BSD-2-clause;BSD-3-clause;Expat-with-advertising-restriction;ISC;Mazieres-BSD-style;OpenSSH;Powell-BSD-style;public domain;public-domain
openssh-server, 1:7.9p1-10+deb10u2, Beer-ware;BSD;BSD-2-clause;BSD-3-clause;Expat-with-advertising-restriction;ISC;Mazieres-BSD-style;OpenSSH;Powell-BSD-style;public domain;public-domain
openssh-sftp-server, 1:7.9p1-10+deb10u2, Beer-ware;BSD;BSD-2-clause;BSD-3-clause;Expat-with-advertising-restriction;ISC;Mazieres-BSD-style;OpenSSH;Powell-BSD-style;public domain;public-domain
openssl, 1.1.1d-0+deb10u2, BSD;OpenSSL;SSLeay
openvswitch-common, 2.8.90-1-cl4u2, LGPL-2.1
openvswitch-vtep, 2.8.90-1-cl4u2, LGPL-2.1
parted, 3.2-25, GPL;GPL-3
passwd, 1:4.5-1.1, BSD;GPL;GPL-2
patch, 2.7.6-3+deb10u1, GPL
pciutils, 1:3.5.2-1, GPL
perl, 5.28.1-6, Artistic;Artistic-2;Artistic-dist;BSD;BSD-3-clause;BSD-3-clause-GENERIC;BSD-3-clause-with-weird-numbering;BSD-4-clause-POWERDOG;BZIP; CC0-1.0;DONT-CHANGE-THE-GPL;Expat;GPL;GPL-1;GPL-1+;GPL-2;GPL-2+;GPL-3+-WITH-BISON-EXCEPTION;HSIEH-BSD;HSIEH-DERIVATIVE;LGPL-2;LGPL-2.1;MIT;public domain;REGCOMP;RRA-KEEP-THIS-NOTICE;S2P;SDBM-PUBLIC-DOMAIN;TEXT-TABS;Unicode;zlib;ZLIB
perl-base, 5.28.1-6, Artistic;Artistic-2;Artistic-dist;BSD;BSD-3-clause;BSD-3-clause-GENERIC;BSD-3-clause-with-weird-numbering;BSD-4-clause-POWERDOG;BZIP; CC0-1.0;DONT-CHANGE-THE-GPL;Expat;GPL;GPL-1;GPL-1+;GPL-2;GPL-2+;GPL-3+-WITH-BISON-EXCEPTION;HSIEH-BSD;HSIEH-DERIVATIVE;LGPL-2;LGPL-2.1;MIT;public domain;REGCOMP;RRA-KEEP-THIS-NOTICE;S2P;SDBM-PUBLIC-DOMAIN;TEXT-TABS;Unicode;zlib;ZLIB
perl-modules-5.28, 5.28.1-6, Artistic;Artistic-2;Artistic-dist;BSD;BSD-3-clause;BSD-3-clause-GENERIC;BSD-3-clause-with-weird-numbering;BSD-4-clause-POWERDOG;BZIP; CC0-1.0;DONT-CHANGE-THE-GPL;Expat;GPL;GPL-1;GPL-1+;GPL-2;GPL-2+;GPL-3+-WITH-BISON-EXCEPTION;HSIEH-BSD;HSIEH-DERIVATIVE;LGPL-2;LGPL-2.1;MIT;public domain;REGCOMP;RRA-KEEP-THIS-NOTICE;S2P;SDBM-PUBLIC-DOMAIN;TEXT-TABS;Unicode;zlib;ZLIB
pinentry-curses, 1.1.0-2, GPL;GPL-2;GPL-2+;LGPL-3;LGPL-3+;MIT;X11
pkg-config, 0.29-6, GPL
platform-modules-4.19.0-cl-1-amd64, 4.0+cl4u2, Cumulus Networks Proprietary;GPL;GPL-2
portwd, 4.0-cl4u2, GPL;GPL-2
procps, 2:3.3.15-2, GPL;GPL-2;GPL-2.0+;LGPL-2;LGPL-2.0+;LGPL-2.1+
psmisc, 23.2-1, GPL;GPL-2;GPL-2+
ptmd, 4.0-cl4u1.b1, EPL-1;GPL;GPL-2
python, 2.7.16-1, BEOPEN;CNRI;GPL;Python
python-apt, 1.8.4.1, GPL;GPL-2;GPL-2+;Permissive
python-apt-common, 1.8.4.1, GPL;GPL-2;GPL-2+;Permissive
python-argcomplete, 1.8.1-1, Apache-2;Apache-2.0
python-babel, 2.6.0+dfsg.1-1, BSD;BSD-3-clause;GPL;GPL-2;GPL-2+;Unicode
python-babel-localedata, 2.6.0+dfsg.1-1, BSD;BSD-3-clause;GPL;GPL-2;GPL-2+;Unicode
python-certifi, 2018.8.24-1, GPL;GPL-2;MPL-2
python-chardet, 3.0.4-3, LGPL-2;LGPL-2.1+
python-configobj, 5.0.6-3, BSD;BSD-3-clause
python-cumulus-restapi, 0.1-cl4u2, Cumulus Networks Proprietary; GPL-2
python-daemon, 2.2.3-1, Apache-2;GPL;GPL-3;GPL-3+
python-debtcollector, 1.20.0-2, Apache-2
python-docopt, 0.6.2-2, GPL;GPL-3;MIT;MIT/X11
python-docutils, 0.14+dfsg-4, BEOPEN;BSD;BSD-2-clause;BSD-3-clause;CNRI;GPL;GPL-3;GPL-3+;LGPL-2;LGPL-2.1+;public domain;public-domain;Python-2.1.1
python-dpkt, 1.9.2-1, BSD;BSD-3-clause;GPL;GPL-2;GPL-2+
python-enum34, 1.1.6-2, GPL;GPL-3
python-eventlet, 0.20.0-6, Apache-2;Apache-2.0;ccp-bsd;Expat;generic-bsd;voidspace-bsd
python-falcon, 1.0.0-2+b3, Apache-2
python-funcsigs, 1.0.2-4, Apache-2
python-greenlet, 0.4.15-2, GPL;GPL-3;MIT;PSFL-2
python-gunicorn, 19.9.0-1, BSD;BSD-3-clause;GPL;GPL-3;GPL-3+;MIT
python-gvgen, 0.9-3, GPL;GPL-2
python-idna, 2.6-1, BSD;BSD-3-clause;PSF-2;Unicode
python-ipaddr, 2.2.0-2, Apache-2
python-lockfile, 1:0.12.2-2, Expat;GPL;GPL-3;GPL-3+
python-mako, 1.0.7+ds1-1, BSD;BSD-3-clause;Expat;WTFPL
python-markupsafe, 1.1.0-1, BSD
python-mimeparse, 0.1.4-3.1, Expat
python-minimal, 2.7.16-1, BEOPEN;CNRI;GPL;Python
python-netaddr, 0.7.19-1, BSD
python-netsnmp, 5.8.0-cl4u7, BSD
python-network-docopt, 0.1.11-cl4u1, GPL;GPL-2;GPL-2+
python-nlmanager, 4.1-cl4u2, MIT-like
python-openvswitch, 2.8.90-1-cl4u2, LGPL-2.1
python-oslo.config, 1:6.4.1-1, Apache-2;Apache-2.0
python-oslo.i18n, 3.21.0-2, Apache-2
python-pbr, 4.2.0-5, Apache-2;BSD;BSD-2-clause;BSD-3-clause
python-pkg-resources, 40.8.0-1, BEOPEN;CNRI;GPL
python-protobuf, 3.6.1.3-2, Apache-2;Apache-2.0;BSD;BSD-3-Clause~Bloomberg;BSD-3-Clause~Google;BSD-3-Clause~RedHat;Expat;GPL;GPL-2;GPL-3;GPLWithACException;Public-Domain
python-rdnbrd, 3.0-cl4u1, GPL;GPL-2
python-requests, 2.21.0-1, Apache;Apache-2
python-rfc3986, 0.3.1-2, Apache-2
python-roman, 2.0.0-3, BEOPEN;CNRI;GPL;Python-2.1.1;ZPL-2.1
python-serial, 3.4-4, oldPython
python-setuptools, 40.8.0-1, BEOPEN;CNRI;GPL
python-six, 1.12.0-1, Expat
python-smbus, 4.1-1, GPL;GPL-2;LGPL-2
python-stevedore, 1.29.0-2, Apache-2;Apache-2.0
python-tabulate, 0.8.2-1, Expat
python-tz, 2019.1-1, Expat;public domain
python-urllib3, 1.24.1-1, Expat;PSF-2
python-wrapt, 1.10.11-1, BSD;BSD-2-clause;PSF-License
python-yaml, 3.13-2, BSD
python2, 2.7.16-1, BEOPEN;CNRI;GPL;Python
python2-minimal, 2.7.16-1, BEOPEN;CNRI;GPL;Python
python2.7, 2.7.16-2+deb10u1, Apache-2;BEOPEN;BSD;CNRI;GPL;GPL-2;ISC;OpenSSL;Python;SSLeay;zlib
python2.7-minimal, 2.7.16-2+deb10u1, Apache-2;BEOPEN;BSD;CNRI;GPL;GPL-2;ISC;OpenSSL;Python;SSLeay;zlib
python3, 3.7.3-1, BEOPEN;CNRI;GPL;Python
python3-certifi, 2018.8.24-1, GPL;GPL-2;MPL-2
python3-chardet, 3.0.4-3, LGPL-2;LGPL-2.1+
python3-distutils, 3.7.3-1, BEOPEN;CNRI;GPL;Python
python3-idna, 2.6-1, BSD;BSD-3-clause;PSF-2;Unicode
python3-lib2to3, 3.7.3-1, BEOPEN;CNRI;GPL;Python
python3-minimal, 3.7.3-1, BEOPEN;CNRI;GPL;Python
python3-pkg-resources, 40.8.0-1, BEOPEN;CNRI;GPL
python3-requests, 2.21.0-1, Apache;Apache-2
python3-six, 1.12.0-1, Expat
python3-urllib3, 1.24.1-1, Expat;PSF-2
python3.7, 3.7.3-2+deb10u1, BEOPEN;BSD;CNRI;GPL;GPL-2;OpenSSL;Python;SSLeay;zlib
python3.7-minimal, 3.7.3-2+deb10u1, BEOPEN;BSD;CNRI;GPL;GPL-2;OpenSSL;Python;SSLeay;zlib
rasdaemon, 0.6.0-1.2, GPL;GPL-2;GPL-2+
readline-common, 7.0-5, GFDL;GPL;GPL-3
reboot-notifier, 0.5-cl4u1, GPL;GPL-3;GPL-3.0+
rlwrap, 0.43-1+b1, GPL;GPL-2;GPL-2+;LGPL-2;LGPL-2.1+
rsync, 3.1.3-6, GPL;GPL-3
rsyslog, 8.1901.0-1, Apache-2;Apache-2.0;BSD;BSD-3-clause;GPL;GPL-3;GPL-3.0+;LGPL-3;LGPL-3.0+
runit-helper, 2.8.6, GPL;GPL-3;GPL-3+
screen, 4.6.2-3, GPL;GPL-3;GPL-3+
sed, 4.7-1, GPL;GPL-3
sensible-utils, 0.0.12, All-permissive;configure;GPL;GPL-2;GPL-2+;installsh;MIT;public domain
sgml-base, 1.29, GPL;GPL-2;GPL-2+
smartmontools, 6.6-1, GPL;GPL-2;GPL-2+
snmp, 5.8.0-cl4u7, BSD
snmpd, 5.8.0-cl4u7, BSD
snmptrapd, 5.8.0-cl4u7, BSD
socat, 1.7.3.2-2, GPL;GPL-2;GPL-3;MIT
sqlite3, 3.27.2-3, GPL;GPL-2;GPL-2+;public domain;public-domain
strace, 4.26-0.2, BSD
sudo, 1.8.27-1+deb10u2, ISC
switchd, 1.0-cl4u2, Cumulus Proprietary;GPL;GPL-2
switchd-halbcm, 1.0-cl4u2, Cumulus Proprietary;GPL;GPL-2
systemd, 241-7~deb10u3, CC0-1;CC0-1.0;Expat;GPL;GPL-2;GPL-2+;LGPL-2;LGPL-2.1+;public domain;public-domain
systemd-sysv, 241-7~deb10u3, CC0-1;CC0-1.0;Expat;GPL;GPL-2;GPL-2+;LGPL-2;LGPL-2.1+;public domain;public-domain
sysvinit-utils, 2.93-8, GPL;GPL-2;GPL-2+
tar, 1.30+dfsg-6, GPL;GPL-2;GPL-3;public domain
tasksel, 3.53, GPL;GPL-2
tasksel-data, 3.53, GPL;GPL-2
tcpdump, 4.9.3-1~deb10u1, BSD
telnet, 0.17-41.2, BSD
tmux, 2.8-3, BSD;BSD-2;BSD-3
traceroute, 1:2.1.0-2, GPL;GPL-2;GPL-2+;LGPL-2;LGPL-2.1+
tree, 1.8.0-1, GPL;GPL-2
tzdata, 2019c-0+deb10u1, public domain
ucf, 3.0038+nmu1, GPL;GPL-2
udev, 241-7~deb10u3, CC0-1;CC0-1.0;Expat;GPL;GPL-2;GPL-2+;LGPL-2;LGPL-2.1+;public domain;public-domain
update-inetd, 4.49, GPL;GPL-2;GPL-2+
usb.ids, 2019.07.27-0+deb10u1, BSD;GPL
usbutils, 1:010-3, GPL;GPL-2
util-linux, 2.33.1-0.1, BSD;BSD-2-clause;BSD-3-clause;BSD-4-clause;GPL;GPL-2;GPL-2+;GPL-3;GPL-3+;LGPL;LGPL-2;LGPL-2+;LGPL-2.1+;LGPL-3;LGPL-3+;MIT;public domain;public-domain
uuid-runtime, 2.33.1-0.1, BSD;BSD-2-clause;BSD-3-clause;BSD-4-clause;GPL;GPL-2;GPL-2+;GPL-3;GPL-3+;LGPL;LGPL-2;LGPL-2+;LGPL-2.1+;LGPL-3;LGPL-3+;MIT;public domain;public-domain
vim, 2:8.1.0875-5, Apache;Apache-2;Artistic;Artistic-1;BSD;BSD-2-clause;BSD-3-clause;Compaq;EDL-1;Expat;GPL;GPL-1;GPL-1+;GPL-2;GPL-2+;LGPL-2;LGPL-2.1+;MIT;OPL-1+;public domain;public-domain;SRA;UC;Vim;Vim-Regexp;X11;XPM
vim-common, 2:8.1.0875-5, Apache;Apache-2;Artistic;Artistic-1;BSD;BSD-2-clause;BSD-3-clause;Compaq;EDL-1;Expat;GPL;GPL-1;GPL-1+;GPL-2;GPL-2+;LGPL-2;LGPL-2.1+;MIT;OPL-1+;public domain;public-domain;SRA;UC;Vim;Vim-Regexp;X11;XPM
vim-runtime, 2:8.1.0875-5, Apache;Apache-2;Artistic;Artistic-1;BSD;BSD-2-clause;BSD-3-clause;Compaq;EDL-1;Expat;GPL;GPL-1;GPL-1+;GPL-2;GPL-2+;LGPL-2;LGPL-2.1+;MIT;OPL-1+;public domain;public-domain;SRA;UC;Vim;Vim-Regexp;X11;XPM
virt-what, 1.19-1, GPL;GPL-2;GPL-2+
vlan, 2.0.5, GPL;GPL-2;GPL-2+
vrf, 1.0-cl4u2, GPL;GPL-2
watchdog, 5.14-cl4u1, GPL
wget, 1.20.1-1.1, GFDL-1;GPL;GPL-3
xkb-data, 2.26-2, MIT
xml-core, 0.18+nmu1, GPL;GPL-2;GPL-2+
xxd, 2:8.1.0875-5, Apache;Apache-2;Artistic;Artistic-1;BSD;BSD-2-clause;BSD-3-clause;Compaq;EDL-1;Expat;GPL;GPL-1;GPL-1+;GPL-2;GPL-2+;LGPL-2;LGPL-2.1+;MIT;OPL-1+;public domain;public-domain;SRA;UC;Vim;Vim-Regexp;X11;XPM
xz-utils, 5.2.4-1, Autoconf;config-h;GPL;GPL-2;GPL-2+;GPL-3;LGPL-2;LGPL-2.1+;noderivs;none;PD;PD-debian;permissive-fsf;permissive-nowarranty;probably-PD;public domain
zile, 2.4.14-7+b1, FSFAP;GPL;GPL-3;GPL-3+;MIT;public domain;public-domain
zlib1g, 1:1.2.11.dfsg-1, zlib;Zlib
